{
  "project_info": {
    "project_number": "494346149017",
    "project_id": "phone-firebase-9ec7b",
    "storage_bucket": "phone-firebase-9ec7b.appspot.com"
  },
  "client": [
    {
      "client_info": {
        "mobilesdk_app_id": "1:494346149017:android:f180584304382b6298ac08",
        "android_client_info": {
          "package_name": "com.example.untitled"
        }
      },
      "oauth_client": [
        {
          "client_id": "494346149017-7339imkdu1u6e68vc1jcll89jh4lsu48.apps.googleusercontent.com",
          "client_type": 3
        }
      ],
      "api_key": [
        {
          "current_key": "AIzaSyAXhMCVjDniyFRmcJ_xoxTmXg7iYJzdMUk"
        }
      ],
      "services": {
        "appinvite_service": {
          "other_platform_oauth_client": [
            {
              "client_id": "494346149017-7339imkdu1u6e68vc1jcll89jh4lsu48.apps.googleusercontent.com",
              "client_type": 3
            }
          ]
        }
      }
    }
  ],
  "configuration_version": "1"
}