{
  "project_info": {
    "project_number": "178116057265",
    "project_id": "flutter-image-8c82d",
    "storage_bucket": "flutter-image-8c82d.appspot.com"
  },
  "client": [
    {
      "client_info": {
        "mobilesdk_app_id": "1:178116057265:android:3d0a72b78d0424da4d2a90",
        "android_client_info": {
          "package_name": "com.example.flutteruploadimage"
        }
      },
      "oauth_client": [
        {
          "client_id": "178116057265-eoamnub6d0o65l4o14ln9go3qgce08m7.apps.googleusercontent.com",
          "client_type": 3
        }
      ],
      "api_key": [
        {
          "current_key": "AIzaSyAqc01r0DlWS-5ocvriSJ9iQaG3T83dplk"
        }
      ],
      "services": {
        "appinvite_service": {
          "other_platform_oauth_client": [
            {
              "client_id": "178116057265-eoamnub6d0o65l4o14ln9go3qgce08m7.apps.googleusercontent.com",
              "client_type": 3
            }
          ]
        }
      }
    }
  ],
  "configuration_version": "1"
}