{
  "project_info": {
    "project_number": "964977403837",
    "project_id": "push-notification-7d3ea",
    "storage_bucket": "push-notification-7d3ea.appspot.com"
  },
  "client": [
    {
      "client_info": {
        "mobilesdk_app_id": "1:964977403837:android:3399d9d4bb8ced73a354d4",
        "android_client_info": {
          "package_name": "com.example.pushnotification"
        }
      },
      "oauth_client": [
        {
          "client_id": "964977403837-qfqgotob83qbpsv70sj1933dqei6n790.apps.googleusercontent.com",
          "client_type": 3
        }
      ],
      "api_key": [
        {
          "current_key": "AIzaSyAFMlJRgm2e1xkW4ZpkvxJuIV2ulfRfNZA"
        }
      ],
      "services": {
        "appinvite_service": {
          "other_platform_oauth_client": [
            {
              "client_id": "964977403837-qfqgotob83qbpsv70sj1933dqei6n790.apps.googleusercontent.com",
              "client_type": 3
            }
          ]
        }
      }
    }
  ],
  "configuration_version": "1"
}